songname,singer,Album
Disco time,左右乐队,末时代
DISCO TIME,m.o.v.e,10 YEARS ANNIVERSARY MEGALOPOLIS TOUR 2008 LIVE CD at SHIBUYA CLUB QUATTRO
Disco Time (Halloween Version),Johann Sebastian Bach,Halloween 101 - Universal Mutant Mix
Disco Time,Matriks,Disco Time
Disco Time (Original Mix),SammYB,Disco Time
Disco Time,Coffee Lounge Collection,"Chill Out Great Vibes Only C Fresh Hits Chill Out 2017, Relax, Ibiza, Chill Out"
Discotime,Tina Valen,2.0 - The Next Generation Of Pesto Artists
Discotime,Laetitia Lewis,Nuit d'orages
Disco Time,Piggy,Feeling
Discotime,Time After Time,Tat Live
Discotime!,null,Waduwada! - 36 pfiffige Lieder
Discotime (Version instrumentale),Laetitia Lewis,Nuit d'orages
Disco Time (Swit Remix),Sammy B,Disco Time
Disco Time (Mark Rowan Remix),SammYB,Disco Time
Disco Time,Dancefloor Hits 2015,"Chill Out Party Vibes - Party Music, Sounds to Have Fun, Chill Out Ibiza Vibes, Party All Night"
Disco Time,Brazilian Lounge Project,"Beach Party C Holiday Chill Out Music, Positive Vibrations, Dance Floor, Ibiza Lounge, Cocktail Party, Relaxation, Summer Chill"
Disco Time,Chillout Music Ensemble,"Party Summer Music C Ibiza Party Time, Dance Music, Electronic Vibes"
Disco Time,Best Of Hits,"Summer Ibiza C Chill Out, Deep Lounge, Dance Music, Relax, Electronic Hits"
Disco Time,Chillout Lounge Relax,"Rest with Chill Out C Calming Sounds, Ibiza Relaxation, Beach House Lounge, Summer Vibes"
Disco Time,Ibiza Dance Party,"Summer Beats C **** Dance, Party Time, Beach Chill, Ibiza Lounge, Holiday Chill Out Music, Relaxation, Drink Bar"
Disco Time,The Cocktail Lounge Players,"Time for Rest C Chill Out 2017, Relaxing Waves, Ibiza Lounge, Beach House, Soft Sounds"
Disco Time,Pete Tex,Pete Tex' Saxo-Time
Disco Time,Vatra Soundworks,"Beautiful, Vol. 4"
Disco Time,Acoustic Chill Out,"Chill Out Now C Deep Chill Out 2017, Hotel Lounge, Relax & Chill, Summertime"
Disco Time,Kafkas Orient Bazaar,It Could Be Dangerous
Disco Time (Original Mix),null,Egothermia Compilation Vol. 1
Disco Time,RanchaTek,"Stereonized - Tech House Selection, Vol. 18"
Disco Time,Various Artists,FIFA Manager 08
Disco Time,Estradasphere,The Silent Elk Of Yesterday
Disco Time,Drink Bar Chillout Music,"Relaxing Chill Sounds C Soft Chill Out Music, Deep Relaxation, Summer Vibes, Beach Sounds Lounge"
Disco Time,Beach Party Chillout Music Ensemble,"Ibiza Lounge C Beach Party, Summer Beats, Relaxation, Drink Bar, Cocktail Party, Sensual Dance, Party Night"
Disco Time,Brazilian Lounge Project,"Deep Rest with Chill Out Melodies C Calm Down with Peaceful Vibes, Stress Relief, Beautiful Memories"
Disco Time,Evening Chill Out Music Academy,"Summer Music 2017 C Chill Out Music, Lounge, Deep Beats, Ibiza, Party, Dancefloor"
Disco Time,Beautiful Sunset Beach Chillout Music Collection,"Holiday Music C Chill Out 2017, Travel Music, On The Road, Chillout Time"
Disco Time,Sex Music Zone,"**** Lounge C Sensual Chill Out Vibrations, Summertime, Deep Relaxation"
Disco Time,Chill Out Beach Party Ibiza,"Summer Beats C Beach Party, Summer Chill Out, Deep Vibes Only, Relax, Ibiza Lounge, Summertime"
Disco Time,Bossalounge,"Sweet Chillout 2017 C Essential Chillout, Lounge 69, Electronic Music"
Disco Time,Deep House Lounge,"Free Mind C Ambient Summer, Beach Chill, Relax & Calmness, Ibiza Chill Out"
Disco Time,Good Energy Club,"Summer Lounge Music C Sweet Chill Out Sounds, Rest with Soft Music, Electronic Vibes"
Disco Time,Future Sound of Ibiza,"Chill Out Disco Music C Summer Hot Vibes, Holiday Sounds, Beach Dancefloor, Sun & Sand"
Disco Time,Ibiza DJ Rockerz,"Chillout Garden Party C Chill Out 2017, Relax, Positive Vibes, Electronic Chill"
Disco Time,#1 Hits Now,"New Chill Out Beats 2017 C Deep Chill Out Relaxation, Good Vibes Only, Hot Chill Out, Electro, Chill Out"
Disco Time,The Chillout Players,"Summertime Chillout Memories C Pool Party Vibes, Relax on the Beach"
Disco Time (Original),Loopus in fabula,Breathe In
Disco Time,Chillout Lounge,"Relaxation in the Beach Bar: 15 Chillout Holiday Songs, Best 2019 Chill Beats, Summer Time Good Vibrations"
Disco Time,World Electric Band,Confusion
Disco Time,World Electric Band,This Is Soulful House (Vocal Soul Deep Jazzy House Best Tracks Selection)
Disco Time,World Electric Band,Super Chic Boutique (Freaky Freedom Sound and Music)
Disco Time,Dance Hits 2014,"Beach Chill Out Party C Summer Party Time, **** Dance, Erotic Chill Out Music, Holiday Music"
Disco Time,Chilled Ibiza,"Ibiza Chill Out Lounge C Calm Sounds to Rest, Ibiza Relaxation, Beach Lounge, Summer 2017"
Disco Time,Sex Music Zone,"Holiday Lovers - Hot Nights on the Beach, Passionate Rhythms, Lusty Looks, Petting Bodily, Romantic Candlelit Dinners, Holidays are Time of Love, Honeymoon"
Disco Time,Ibiza Chill Out,Deep Relaxation Chill Out Sounds
Disco Time,After Hours Club,"Exotic Chill Songs C Summer Relaxation, Peaceful Music, Stress Relief, Tropical Chill Out"
Disco Time,Best Of Hits,"Ibiza 2017 C Beach Lounge, Party Time, Summer Hits, Deep Vibes, Chill Out Forever"
Disco Time,Ibiza Dance Party,"Summer Party Time C Ibiza Party Vibes, Beach Dancefloor, Night Chill Out Beats, Cocktails & Drinks"
Disco Time,Chillout,"Summer End Chillout Beats C Chill Out 2017, Relax & Chill, Lounge, Electronic Beats"
Disco Time,Club Bossa Lounge Players,"Deep Relaxation with Chill Out 2017 C Summer Beats, Beach Music, Holiday Chill Out, Relax, Chill Paradise, Ambient Summer"
Disco Time,Wonderful Chillout Music Ensemble,"Holiday Chillout C Summer Tropical Sounds, Easy Listening, Holiday Songs, Chill Out Music"
Disco Time,Beach Party Ibiza Music Specialists,"Sunny Beats 2017 C Chillout 2017, Ibiza Party, Beach Music, Hot Summer, Chillout Hits"
Disco Time,Café Ibiza Chillout Lounge,"Holiday on Exotic Island C Sunshine Beats, Summertime, Beach Chill Out, Sand, Sea, Deep Sun, Beach Party, Relax"
Disco Time,Beach House Chillout Music Academy,"Summer Vibrations C Chill Out, Relax, Holiday, Beach Music, Summertime, Hot Vibes"
Disco Time,Chill Zone,"Ibiza Ambient Chill Out C Ibiza Relaxing Melodies, Calm Chill Out Sounds, Night Rest, Soft Beats"
Disco Time,Electro Lounge All Stars,"Sunset Vibes C Inner Peace, Stress Relief, Easy Listening, Music to Relax, Ibiza Beach Lounge"
Disco Time,Chill After Dark Club,"Deep Relax with Chill Out Music C Summer Chill Out Beats, Peaceful Beach Songs, Easy Listening, Stress Free"
Disco Time,Deep Lounge,"Chillout Alternative C Trance Music, Chill Out 2017, Deep Relaxation, Lounge, Summer Vibes, Electronic Music"
夏天，我又多了,Lenz,DISCO TIME
Party (Original Mix),Tiago,Disco Time
Take Your Love (Original Mix),Tiago,Disco Time
Brown Leavs,The Count Of Monte Disco,Disco Time
Jaws,The Count Of Monte Disco,Disco Time
Disco Time at the FBI,Roodimentary Sciences,Stuck Inside of a Spectrogram
Disco Times (Original Mix),null,"The Archives, Vol. 7"
Disco Time HOUSE (Original Mix),DJ Funsko,Disco Classics 10
Disco Times (Original Mix),Le Sweet Lou,Mixed Emotions
Disco Time HOUSE (Original Mix),DJ Funsko,Disco Classics 10
Disco Times,Chunky Nelson,Plastic Pop
Disco Time,Dal★shabet,Hard 2 Love
Disco Time,Dal★shabet,BANG BANG
DISCO TIME,m.o.v.e,DISCO TIME
DISCO TIME,m.o.v.e,10th Anniversary MEGA BEST
Disco Time,Arie,R U Ready?
DISCO TIME,m.o.v.e,GRID
DISCO TIME -instrumental-,m.o.v.e,DISCO TIME
This is my heartache -instrumental-,m.o.v.e,DISCO TIME
This is my heartache,m.o.v.e,DISCO TIME
